{"cameraMode":{"drawMode":0,"name":"Shaded","section":"Shading Mode"},"sceneLighting":true,"audioPlay":false,"sceneViewState":{"m_AlwaysRefresh":false,"showFog":true,"showSkybox":true,"showFlares":true,"showImageEffects":true,"showParticleSystems":true,"showVisualEffectGraphs":true,"m_FxEnabled":false},"in2DMode":false,"pivot":{"x":-0.7949768304824829,"y":2.043536424636841,"z":3.4425644874572756},"rotation":{"x":-0.011534096673130989,"y":0.9870684146881104,"z":-0.13708391785621644,"w":-0.0828137993812561},"size":1.999999761581421,"orthographic":false}