{"cameraMode":{"drawMode":0,"name":"Shaded","section":"Shading Mode"},"sceneLighting":false,"audioPlay":false,"sceneViewState":{"m_AlwaysRefresh":false,"showFog":true,"showSkybox":false,"showFlares":true,"showImageEffects":true,"showParticleSystems":true,"showVisualEffectGraphs":true,"m_FxEnabled":false},"in2DMode":false,"pivot":{"x":-0.06561436504125595,"y":0.2911601662635803,"z":-0.09287011623382569},"rotation":{"x":-0.21938586235046388,"y":-0.27844634652137759,"z":0.06549800932407379,"w":-0.9327816367149353},"size":0.13453413546085359,"orthographic":false}